[{"model": "automation.application", "pk": 1, "fields": {"name": "automation", "path": "dashboard", "is_app": false}}, {"model": "automation.application", "pk": 2, "fields": {"name": "devices", "path": "devices", "is_app": false}}, {"model": "automation.application", "pk": 3, "fields": {"name": "users", "path": "users", "is_app": false}}, {"model": "automation.icon", "pk": 1, "fields": {"label": "Services domotiques", "html": "<i class=\"fa-solid fa-bars w3-text-orange\"></i>"}}, {"model": "automation.icon", "pk": 2, "fields": {"label": "Tabeau de bord  en mode box", "html": "<i class=\"fa-solid fa-table-cells w3-text-khaki\"></i>"}}, {"model": "automation.icon", "pk": 3, "fields": {"label": "Consommation d'énergie", "html": "<i class=\"fa-solid fa-bolt w3-text-amber\"></i>"}}, {"model": "automation.icon", "pk": 4, "fields": {"label": "Historique", "html": "<i class=\"fa-solid fa-chart-simple w3-text-khaki\"></i>"}}, {"model": "automation.icon", "pk": 5, "fields": {"label": "Jellyfin", "html": "<img src=\"/static/img/jellyfin.png\" width=\"24\"/>"}}, {"model": "automation.icon", "pk": 6, "fields": {"label": "Influxdb", "html": "<i class=\"fa-solid fa-database w3-text-cyan\"></i>"}}, {"model": "automation.icon", "pk": 7, "fields": {"label": "Journaux (logs)", "html": "<i class=\"fa-solid fa-newspaper w3-text-khaki\"></i>"}}, {"model": "automation.icon", "pk": 8, "fields": {"label": "Utilisateur", "html": "<i class=\"fa-solid fa-user-gear w3-text-teal\"></i>"}}, {"model": "automation.icon", "pk": 9, "fields": {"label": "Configuration", "html": "<i class=\"fa-solid fa-gear w3-text-red\"></i>"}}, {"model": "automation.icon", "pk": 10, "fields": {"label": "Maintenance application", "html": "<i class=\"fa-solid fa-screwdriver-wrench w3-text-orange\"></i>"}}, {"model": "automation.icon", "pk": 11, "fields": {"label": "Vidéo surveillance", "html": "<i class=\"fa-solid fa-video w3-text-teal\"></i>"}}, {"model": "automation.icon", "pk": 12, "fields": {"label": "Energie", "html": "<i class=\"fa-solid fa-bolt w3-text-deep-orange\"></i>"}}, {"model": "automation.icon", "pk": 13, "fields": {"label": "Tableau de bord en mode liste", "html": "<i class=\"fa-solid fa-list w3-text-amber\"></i>"}}, {"model": "automation.icon", "pk": 14, "fields": {"label": "Gpt for free", "html": "<i class=\"fa-brands fa-rocketchat w3-text-amber\"></i>"}}, {"model": "automation.icon", "pk": 15, "fields": {"label": "meteo", "html": "<i class=\"fa-regular fa-sun w3-text-amber\"></i>"}}, {"model": "automation.icon", "pk": 16, "fields": {"label": "Température", "html": "<i class=\"fa-solid fa-temperature-three-quarters w3-text-amber\"></i>"}}, {"model": "automation.icon", "pk": 17, "fields": {"label": "Zigbee", "html": "<i class=\"fa-solid fa-z w3-text-orange\"></i>"}}, {"model": "automation.icon", "pk": 18, "fields": {"label": "circle", "html": "<i class=\"fa-solid fa-circle w3-text-aqua\"></i>"}}, {"model": "automation.icon", "pk": 19, "fields": {"label": "Emplacement", "html": "<i class=\"fa-solid fa-microchip w3-text-purple\"></i>"}}, {"model": "automation.icon", "pk": 20, "fields": {"label": "Lampes", "html": "<i class=\"fa-solid fa-lightbulb w3-text-yellow\"></i>"}}, {"model": "automation.icon", "pk": 21, "fields": {"label": "Appareils", "html": "<i class=\"fa-solid fa-microchip w3-text-green\"></i>"}}, {"model": "automation.icon", "pk": 22, "fields": {"label": "Video file", "html": "<i class=\"fa-regular fa-file-video w3-text-green\"></i>"}}, {"model": "automation.icon", "pk": 23, "fields": {"label": "Mobiles", "html": "<i class=\"fa-solid fa-mobile w3-text-amber\"></i>"}}, {"model": "automation.icon", "pk": 24, "fields": {"label": "graph", "html": "<i class=\"fa-solid fa-chart-line w3-text-amber\"></i>"}}, {"model": "automation.icon", "pk": 25, "fields": {"label": "Réserves", "html": "<i class=\"fa-solid fa-jar w3-text-green\"></i>"}}, {"model": "automation.icon", "pk": 26, "fields": {"label": "Produits", "html": "<i class=\"fa-solid fa-carrot w3-text-orange w3-padding\"></i>"}}, {"model": "automation.icon", "pk": 27, "fields": {"label": "Stocks", "html": "<i class=\"fa-solid fa-store w3-text-cyan\"></i>"}}, {"model": "automation.icon", "pk": 28, "fields": {"label": "Panneau de navigation", "html": "<i class=\"fa-solid fa-table-columns w3-test-cyan\"></i>"}}, {"model": "automation.icon", "pk": 29, "fields": {"label": "Groupe de capteurs", "html": "<i class=\"fa-regular fa-object-group w3-text-green\"></i>"}}, {"model": "automation.icon", "pk": 30, "fields": {"label": "Processus", "html": "<i class=\"fa-solid fa-gear w3-text-blue\"></i>"}}, {"model": "automation.icon", "pk": 31, "fields": {"label": "Tâches périodiques", "html": "<i class=\"fa-solid fa-clock w3-text-blue\"></i>"}}, {"model": "automation.icon", "pk": 32, "fields": {"label": "Base de données", "html": "<i class=\"fas fa-database w3-text-red\"></i>"}}, {"model": "automation.sensorgroup", "pk": 1, "fields": {"name": "production", "title": "Production d'énergie", "selection": true, "active": true}}, {"model": "automation.sensorgroup", "pk": 2, "fields": {"name": "consommation", "title": "Consommation d'énergie", "selection": true, "active": true}}, {"model": "automation.sensorgroup", "pk": 3, "fields": {"name": "relais", "title": "Relais de commande", "selection": true, "active": false}}, {"model": "automation.sensorgroup", "pk": 4, "fields": {"name": "camera", "title": "Webcam", "selection": true, "active": false}}, {"model": "automation.sensorgroup", "pk": 5, "fields": {"name": "lampe", "title": "Lampes", "selection": true, "active": true}}, {"model": "automation.sensorgroup", "pk": 6, "fields": {"name": "switch", "title": "Interrupteur", "selection": true, "active": true}}, {"model": "automation.sensorgroup", "pk": 7, "fields": {"name": "meteo", "title": "Météo", "selection": false, "active": false}}, {"model": "automation.sensorgroup", "pk": 10, "fields": {"name": "vanne", "title": "Vanne tout ou rien", "selection": true, "active": false}}, {"model": "automation.sensorgroup", "pk": 11, "fields": {"name": "sons", "title": "Audio et sons", "selection": true, "active": false}}, {"model": "automation.sensorgroup", "pk": 12, "fields": {"name": "temperature", "title": "Température et humidité", "selection": true, "active": false}}, {"model": "automation.sensorgroup", "pk": 13, "fields": {"name": "nan", "title": "Non défini", "selection": false, "active": false}}, {"model": "automation.sensorgroup", "pk": 14, "fields": {"name": "emplacement", "title": "Emplacements, pièces", "selection": false, "active": false}}, {"model": "automation.sensorgroup", "pk": 16, "fields": {"name": "mobile", "title": "Caméra mobile , smartphone", "selection": true, "active": false}}, {"model": "automation.location", "pk": 1, "fields": {"name": "cuisine", "flat": 0, "area_shape": "circle", "area_coords": null, "area_href": null, "area_onclick": null, "selection": true, "active": true}}, {"model": "automation.location", "pk": 2, "fields": {"name": "sejour", "flat": 0, "area_shape": "circle", "area_coords": null, "area_href": null, "area_onclick": null, "selection": true, "active": true}}, {"model": "automation.location", "pk": 3, "fields": {"name": "serre", "flat": 0, "area_shape": "circle", "area_coords": null, "area_href": null, "area_onclick": null, "selection": true, "active": true}}, {"model": "automation.location", "pk": 4, "fields": {"name": "cellier", "flat": 0, "area_shape": "circle", "area_coords": null, "area_href": null, "area_onclick": null, "selection": true, "active": true}}, {"model": "automation.location", "pk": 5, "fields": {"name": "chambre-est-bas", "flat": 1, "area_shape": "circle", "area_coords": null, "area_href": null, "area_onclick": null, "selection": true, "active": true}}, {"model": "automation.location", "pk": 6, "fields": {"name": "chambre-ouest-bas", "flat": 1, "area_shape": "circle", "area_coords": null, "area_href": null, "area_onclick": null, "selection": true, "active": true}}, {"model": "automation.location", "pk": 7, "fields": {"name": "chambre-sud", "flat": 2, "area_shape": "circle", "area_coords": null, "area_href": null, "area_onclick": null, "selection": true, "active": true}}, {"model": "automation.location", "pk": 8, "fields": {"name": "bureau", "flat": 1, "area_shape": "circle", "area_coords": null, "area_href": null, "area_onclick": null, "selection": true, "active": true}}, {"model": "automation.location", "pk": 9, "fields": {"name": "local-technique", "flat": 0, "area_shape": "circle", "area_coords": null, "area_href": null, "area_onclick": null, "selection": true, "active": true}}, {"model": "automation.location", "pk": 10, "fields": {"name": "palier", "flat": 1, "area_shape": "circle", "area_coords": null, "area_href": null, "area_onclick": null, "selection": true, "active": true}}, {"model": "automation.location", "pk": 11, "fields": {"name": "controleur", "flat": 0, "area_shape": null, "area_coords": null, "area_href": null, "area_onclick": null, "selection": true, "active": true}}, {"model": "automation.templatepage", "pk": 1, "fields": {"name": "iframe", "title": "Modèle iframe", "htmlpath": "dashboard/iframe.html", "app": 1, "active": true}}, {"model": "automation.templatepage", "pk": 2, "fields": {"name": "redirection", "title": "Redirection page html", "htmlpath": "dashboard/redirection.html", "app": 1, "active": true}}, {"model": "automation.templatepage", "pk": 3, "fields": {"name": "live-box", "title": "Page live de type box", "htmlpath": "dashboard/live-box.html", "app": 1, "active": true}}, {"model": "automation.templatepage", "pk": 4, "fields": {"name": "live-list", "title": "Page live en mode liste", "htmlpath": "dashboard/live-list.html", "app": 1, "active": true}}, {"model": "automation.templatepage", "pk": 5, "fields": {"name": "config", "title": "Configuration & maintenance", "htmlpath": "dashboard/config.html", "app": 1, "active": true}}, {"model": "automation.templatepage", "pk": 9, "fields": {"name": "camera-replay", "title": "Page replay et filtre emplacement", "htmlpath": "dashboard/camera-replay.html", "app": 1, "active": true}}, {"model": "automation.templatepage", "pk": 10, "fields": {"name": "mobile-box", "title": "Affichage de mobiles en direct", "htmlpath": "dashboard/mobile-box.html", "app": 1, "active": true}}, {"model": "automation.templatepage", "pk": 11, "fields": {"name": "live", "title": "Template par défaut", "htmlpath": "dashboard/live.html", "app": 1, "active": true}}, {"model": "automation.templatepage", "pk": 12, "fields": {"name": "plot-device", "title": "Tracé données d'appareil", "htmlpath": "devices/plot-device.html", "app": 2, "active": true}}, {"model": "automation.templatepage", "pk": 13, "fields": {"name": "live-base", "title": "Dashboard: filtres groupe et emplacement", "htmlpath": "dashboard/live-base.html", "app": 1, "active": true}}, {"model": "automation.templatepage", "pk": 14, "fields": {"name": "camera-replay-no-leaflet", "title": "Replay caméra sans le module leaflet", "htmlpath": "dashboard/camera-replay-no-leaflet.html", "app": 1, "active": true}}, {"model": "automation.templatepage", "pk": 15, "fields": {"name": "mobile-box-no-leaflet", "title": "Mobile box sans le module leaflet", "htmlpath": "dashboard/mobile-box-no-leaflet.html", "app": 1, "active": true}}, {"model": "automation.templatepage", "pk": 16, "fields": {"name": "default", "title": "Gabarit live par défaut", "htmlpath": "dashboard/default.html", "app": 1, "active": true}}, {"model": "automation.urlbase", "pk": 1, "fields": {"name": "board", "title": "Route éléments du tableau de bord", "active": true}}, {"model": "automation.urlbase", "pk": 3, "fields": {"name": "group", "title": "Route pour groupe d' appareil", "active": true}}, {"model": "automation.urlbase", "pk": 4, "fields": {"name": "locate", "title": "Route pour appareil par emplacement", "active": true}}, {"model": "automation.urlbase", "pk": 6, "fields": {"name": "mobile", "title": "Route pour groupe d'appareil mobile", "active": true}}, {"model": "automation.urlbase", "pk": 7, "fields": {"name": "groupname", "title": "Route pour groupe par nom", "active": true}}, {"model": "automation.urlbase", "pk": 8, "fields": {"name": "graph", "title": "Routes pour tracé de graphique", "active": true}}, {"model": "automation.urlbase", "pk": 9, "fields": {"name": "reserves", "title": "réserves", "active": true}}, {"model": "automation.navpane", "pk": 2, "fields": {"label": "Tableau de bord", "title": "Tableau de bord", "icon": 2, "index": true, "urlbase": 1, "page": "dashboard", "link": "/board/dashboard/", "template": 13, "group": null, "location": null, "url": null, "target": null, "options": null, "tab": 0, "order": 5, "position": 1, "show": true, "active": true}}, {"model": "automation.navpane", "pk": 3, "fields": {"label": "Consommation d'énergie", "title": "Energie", "icon": 12, "index": false, "urlbase": 1, "page": "energy", "link": "/board/energy/", "template": 2, "group": null, "location": null, "url": "https://equilibre.edf.fr/comprendre?dashboardOpenRequired=true", "target": "_blank", "options": null, "tab": 1, "order": 5, "position": 1, "show": true, "active": true}}, {"model": "automation.navpane", "pk": 5, "fields": {"label": "Médias Jellyfin", "title": "Médias", "icon": 5, "index": false, "urlbase": 1, "page": "media", "link": "/board/media/", "template": 1, "group": null, "location": null, "url": "http://127.0.0.1:58096", "target": null, "options": null, "tab": 1, "order": 12, "position": 1, "show": true, "active": true}}, {"model": "automation.navpane", "pk": 6, "fields": {"label": "Base de données Influxdb", "title": "Influxdb", "icon": 6, "index": false, "urlbase": 1, "page": "influxdb", "link": "/board/influxdb/", "template": 2, "group": null, "location": null, "url": "http://192.168.1.4:8086", "target": "_blank", "options": null, "tab": 1, "order": 25, "position": 1, "show": true, "active": true}}, {"model": "automation.navpane", "pk": 7, "fields": {"label": "Journaux (logs)", "title": "Journaux", "icon": 7, "index": false, "urlbase": 1, "page": "logs", "link": "/board/logs/", "template": 1, "group": null, "location": null, "url": "/logs/", "target": null, "options": null, "tab": 0, "order": 92, "position": 0, "show": true, "active": true}}, {"model": "automation.navpane", "pk": 8, "fields": {"label": "Utilisateur", "title": "Utilisateur", "icon": 8, "index": false, "urlbase": 1, "page": "utilisateur", "link": "/board/utilisateur/", "template": 2, "group": null, "location": null, "url": "/admin/users/user", "target": null, "options": null, "tab": 0, "order": 90, "position": 0, "show": false, "active": true}}, {"model": "automation.navpane", "pk": 9, "fields": {"label": "Configuration", "title": "Configuration", "icon": 9, "index": false, "urlbase": 1, "page": "config", "link": "/board/config/", "template": 5, "group": null, "location": null, "url": null, "target": null, "options": null, "tab": 0, "order": 95, "position": 0, "show": true, "active": true}}, {"model": "automation.navpane", "pk": 10, "fields": {"label": "Maintenance", "title": "Maintenance", "icon": 10, "index": false, "urlbase": 1, "page": "maintenance", "link": "/board/maintenance/", "template": 1, "group": null, "location": null, "url": "http://192.168.1.4:9001", "target": null, "options": null, "tab": 0, "order": 100, "position": 0, "show": false, "active": true}}, {"model": "automation.navpane", "pk": 11, "fields": {"label": "Vidéo surveillance", "title": "Vidéo surveillance", "icon": 11, "index": false, "urlbase": 3, "page": "video", "link": "/group/video/camera/", "template": 3, "group": 4, "location": null, "url": null, "target": null, "options": null, "tab": 0, "order": 11, "position": 1, "show": true, "active": true}}, {"model": "automation.navpane", "pk": 12, "fields": {"label": "Liste des appareils", "title": "Liste des appareils", "icon": 13, "index": false, "urlbase": 1, "page": "dashlist", "link": "/board/dashlist/", "template": 4, "group": null, "location": null, "url": null, "target": null, "options": null, "tab": 0, "order": 6, "position": 1, "show": true, "active": true}}, {"model": "automation.navpane", "pk": 14, "fields": {"label": "Méteo Albi", "title": "Météo", "icon": 15, "index": false, "urlbase": 1, "page": "meteo-albi", "link": "/board/meteo-albi/", "template": 2, "group": null, "location": null, "url": "https://www.meteo-concept.fr/previsions/ville/Albi-81000", "target": "_blank", "options": null, "tab": 1, "order": 10, "position": 1, "show": true, "active": true}}, {"model": "automation.navpane", "pk": 15, "fields": {"label": "Sondes de température", "title": "Températures", "icon": 16, "index": false, "urlbase": 3, "page": "sensor", "link": "/group/sensor/temperature/", "template": 3, "group": 12, "location": null, "url": null, "target": null, "options": null, "tab": 0, "order": 9, "position": 1, "show": true, "active": true}}, {"model": "automation.navpane", "pk": 16, "fields": {"label": "Passerelle Zigbee", "title": "Zigbee2mqtt", "icon": 17, "index": false, "urlbase": 1, "page": "zigbee2mqtt", "link": "/board/zigbee2mqtt/", "template": 1, "group": null, "location": null, "url": "http://192.168.1.4:8080", "target": null, "options": null, "tab": 0, "order": 85, "position": 0, "show": true, "active": true}}, {"model": "automation.navpane", "pk": 19, "fields": {"label": "Supervision des serveurs", "title": "supervisor", "icon": 9, "index": false, "urlbase": 1, "page": "supervisor", "link": "/board/supervisor/", "template": 1, "group": null, "location": null, "url": "/supervisor/", "target": null, "options": null, "tab": 0, "order": 0, "position": 1, "show": false, "active": false}}, {"model": "automation.navpane", "pk": 20, "fields": {"label": "Appareils par emplacement", "title": "Tous les appareils", "icon": 19, "index": false, "urlbase": 4, "page": "device", "link": "/locate/device/", "template": 3, "group": null, "location": null, "url": null, "target": null, "options": null, "tab": 1, "order": 1, "position": 1, "show": true, "active": true}}, {"model": "automation.navpane", "pk": 21, "fields": {"label": "Lampes commandées", "title": "Lampes", "icon": 20, "index": false, "urlbase": 3, "page": "light", "link": "/group/light/lampe/", "template": 3, "group": 5, "location": null, "url": null, "target": null, "options": null, "tab": 0, "order": 10, "position": 1, "show": true, "active": true}}, {"model": "automation.navpane", "pk": 22, "fields": {"label": "Rejouer les vidéos", "title": "Vidéo replay", "icon": 22, "index": false, "urlbase": 3, "page": "replay", "link": "/group/replay/camera/", "template": 14, "group": 4, "location": null, "url": null, "target": null, "options": null, "tab": 0, "order": 16, "position": 1, "show": true, "active": true}}, {"model": "automation.navpane", "pk": 23, "fields": {"label": "Mobile surveillance", "title": "Surveillance mobile", "icon": 23, "index": false, "urlbase": 6, "page": "phone", "link": "/mobile/phone/camera/", "template": 15, "group": 4, "location": null, "url": null, "target": null, "options": null, "tab": 0, "order": 12, "position": 1, "show": true, "active": true}}, {"model": "automation.navpane", "pk": 24, "fields": {"label": "Tracés de Graphiques", "title": "Graphiques", "icon": 24, "index": false, "urlbase": 8, "page": "chart", "link": "/devices/graph/chart/", "template": 12, "group": null, "location": null, "url": null, "target": null, "options": null, "tab": 0, "order": 24, "position": 1, "show": true, "active": true}}, {"model": "automation.navpane", "pk": 25, "fields": {"label": "Appareil ou capteur", "title": "Page live par défaut", "icon": 2, "index": false, "urlbase": 1, "page": "default", "link": "/board/default/", "template": 16, "group": null, "location": null, "url": null, "target": null, "options": null, "tab": 0, "order": 1, "position": 1, "show": false, "active": false}}, {"model": "automation.navpane", "pk": 26, "fields": {"label": "Stocks réserves", "title": "Réserves", "icon": 25, "index": false, "urlbase": 1, "page": "reserves", "link": "/board/reserves/", "template": 1, "group": null, "location": null, "url": "/reserves/stock/list", "target": null, "options": null, "tab": 0, "order": 26, "position": 1, "show": true, "active": true}}, {"model": "automation.navpane", "pk": 27, "fields": {"label": "Produits", "title": "Produits", "icon": 26, "index": false, "urlbase": 1, "page": "product", "link": "/board/product/", "template": 1, "group": null, "location": null, "url": "/admin/reserves/product/", "target": null, "options": null, "tab": 0, "order": 0, "position": 1, "show": false, "active": false}}, {"model": "automation.navpane", "pk": 28, "fields": {"label": "Détail des stocks", "title": "Stocks", "icon": 27, "index": false, "urlbase": 1, "page": "stock", "link": "/board/stock/", "template": 1, "group": null, "location": null, "url": "/admin/reserves/stock/", "target": null, "options": null, "tab": 0, "order": 0, "position": 1, "show": false, "active": true}}, {"model": "automation.navpane", "pk": 29, "fields": {"label": "Panneau de navigation", "title": "Panneau de navigation", "icon": 28, "index": false, "urlbase": 1, "page": "navpane", "link": "/board/navpane/", "template": 1, "group": null, "location": null, "url": "/admin/automation/navpane/", "target": null, "options": null, "tab": 0, "order": 0, "position": 1, "show": false, "active": true}}, {"model": "automation.navpane", "pk": 30, "fields": {"label": "Groupe de capteurs", "title": "Groupe de capteurs", "icon": 29, "index": false, "urlbase": 1, "page": "sensorgroup", "link": "/board/sensorgroup/", "template": 1, "group": null, "location": null, "url": "/admin/automation/sensorgroup/", "target": null, "options": null, "tab": 0, "order": 0, "position": 1, "show": false, "active": true}}, {"model": "automation.navpane", "pk": 31, "fields": {"label": "Appareils", "title": "Appareils", "icon": 21, "index": false, "urlbase": 1, "page": "machine", "link": "/board/machine/", "template": 1, "group": null, "location": null, "url": "/admin/devices/device/", "target": null, "options": null, "tab": 0, "order": 0, "position": 1, "show": false, "active": true}}, {"model": "automation.navpane", "pk": 32, "fields": {"label": "Emplacements", "title": "Emplacements", "icon": 19, "index": false, "urlbase": 1, "page": "location", "link": "/board/location/", "template": 1, "group": null, "location": null, "url": "/admin/automation/location/", "target": null, "options": null, "tab": 0, "order": 0, "position": 1, "show": false, "active": true}}, {"model": "automation.navpane", "pk": 33, "fields": {"label": "Processus", "title": "Processus", "icon": 30, "index": false, "urlbase": 1, "page": "deviceprocessing", "link": "/board/deviceprocessing/", "template": 1, "group": null, "location": null, "url": "/admin/devices/deviceprocessing/", "target": null, "options": null, "tab": 0, "order": 0, "position": 1, "show": false, "active": true}}, {"model": "automation.navpane", "pk": 34, "fields": {"label": "Tâches périodiques", "title": "Tâches périodiques", "icon": 31, "index": false, "urlbase": 1, "page": "periodictask", "link": "/board/periodictask/", "template": 1, "group": null, "location": null, "url": "/admin/django_celery_beat/periodictask/", "target": null, "options": null, "tab": 0, "order": 0, "position": 1, "show": false, "active": true}}, {"model": "automation.navpane", "pk": 35, "fields": {"label": "Utilisateurs", "title": "Utilisateurs", "icon": 8, "index": false, "urlbase": 1, "page": "user", "link": "/board/user/", "template": 1, "group": null, "location": null, "url": "/admin/users/user/", "target": null, "options": null, "tab": 0, "order": 0, "position": 1, "show": false, "active": true}}, {"model": "automation.navpane", "pk": 36, "fields": {"label": "Base de données", "title": "Base de données", "icon": 32, "index": false, "urlbase": 1, "page": "admin", "link": "/board/admin/", "template": 1, "group": null, "location": null, "url": "/admin/", "target": null, "options": null, "tab": 0, "order": 0, "position": 1, "show": false, "active": true}}, {"model": "automation.sshtunnel", "pk": 1, "fields": {"label": "Serveur zigbee2mqtt", "host": "192.168.1.4", "port": 22, "username": "root", "password": "tinitoor", "remote_bind_host": "127.0.0.1", "remote_bind_port": 8080, "local_bind_host": "127.0.0.1", "local_bind_port": 58080, "active": true}}, {"model": "automation.sshtunnel", "pk": 2, "fields": {"label": "Multimedia Jellyfin", "host": "x.y.z.t", "port": 22, "username": "root", "password": "xxxxxxxx", "remote_bind_host": "127.0.0.1", "remote_bind_port": 8096, "local_bind_host": "127.0.0.1", "local_bind_port": 58096, "active": true}}, {"model": "automation.sshtunnel", "pk": 3, "fields": {"label": "Contabo:VPS", "host": "x.y.z.t", "port": 22, "username": "root", "password": "xxxxxxxx", "remote_bind_host": "127.0.0.1", "remote_bind_port": 8050, "local_bind_host": "127.0.0.1", "local_bind_port": 58050, "active": true}}]